{
  "coherent_bin_clean": {
    "condition": "coherent_bin_clean",
    "beta_origin_mean": 8.208580450713947,
    "beta_origin_std": 1.9099525090514464,
    "R2_origin_mean": 0.6188482911704749,
    "R2_origin_std": 0.2425262065117187,
    "slope_mean": 6.289720988102033,
    "slope_std": 1.398158083551255,
    "intercept_mean": 0.1897088599898354,
    "intercept_std": 0.0775489651332385,
    "R2_mean": 0.8755789676392005,
    "R2_std": 0.0700577519725814,
    "E0_mean": 0.0,
    "E0_std": 0.0,
    "beta_origin_delta_mean": 8.208580450713947,
    "beta_origin_delta_std": 1.9099525090514464,
    "R2_origin_delta_mean": 0.5559843390734402,
    "R2_origin_delta_std": 0.3071463800386243
  },
  "random_bin": {
    "condition": "random_bin",
    "beta_origin_mean": 20.203202278890934,
    "beta_origin_std": 0.4382434345507233,
    "R2_origin_mean": -8.161145793944538,
    "R2_origin_std": 0.1866933473735705,
    "slope_mean": 2.0614881215888685,
    "slope_std": 0.5062106787501457,
    "intercept_mean": 1.793588315404054,
    "intercept_std": 0.0264271615760192,
    "R2_mean": 0.0391325113243804,
    "R2_std": 0.0177313321031491,
    "E0_mean": 0.0,
    "E0_std": 0.0,
    "beta_origin_delta_mean": 20.203202278890934,
    "beta_origin_delta_std": 0.4382434345507233,
    "R2_origin_delta_mean": -406.1980559345877,
    "R2_origin_delta_std": 212.41078437584275
  },
  "palindrome_bin_no_coherence": {
    "condition": "palindrome_bin_no_coherence",
    "beta_origin_mean": 20.30196697056009,
    "beta_origin_std": 0.5340172319923318,
    "R2_origin_mean": -7.935220001790978,
    "R2_origin_std": 0.3039816548202698,
    "slope_mean": 2.148358122650321,
    "slope_std": 0.648167514993471,
    "intercept_mean": 1.794764289069185,
    "intercept_std": 0.0396698254087784,
    "R2_mean": 0.0424857472555114,
    "R2_std": 0.0246920968940317,
    "E0_mean": 0.0,
    "E0_std": 0.0,
    "beta_origin_delta_mean": 20.30196697056009,
    "beta_origin_delta_std": 0.5340172319923318,
    "R2_origin_delta_mean": -209.3762560762779,
    "R2_origin_delta_std": 100.47533309682044
  }
}