level,n,mean_C,std_C_ddof1,shift_pct
ctrl,40,0.9978000000,0.0095000000,0.0000000000
pi8,40,0.9457000000,0.0096000000,-5.2214872720
pi4,40,0.7842000000,0.0087023989,-21.4070956103
